Device_id,Model ID,Task ID,Stream ID,Op Name,OP Type,OP State,Task Type,Task Start Time(us),Task Duration(us),Task Wait Time(us),Block Num,Mix Block Num,HF32 Eligible,Input Shapes,Input Data Types,Input Formats,Output Shapes,Output Data Types,Output Formats,Context ID,aicore_time(us),aic_total_cycles,aic_mac_fp16_ratio,aic_mac_int8_ratio,aic_cube_fops,aiv_time(us),aiv_total_cycles,aiv_vec_fp32_ratio,aiv_vec_fp16_ratio,aiv_vec_int32_ratio,aiv_vec_misc_ratio,aiv_vector_fops
0,4294967295,1,46,_ZN4bmms26BatchMatmulMaxSumAutoFusedIDhLb0ELb0ELb0ELb0ELj1ELj64ELj128ELj64EEEvPhS1_S1_S1_S1_mN7AscendC6tiling11TCubeTilingENS_5ShapeEj,_ZN4bmms26BatchMatmulMaxSumAutoFusedIDhLb0ELb0ELb0ELb0ELj1ELj64ELj128ELj64EEEvPhS1_S1_S1_S1_mN7AscendC6tiling11TCubeTilingENS_5ShapeEj,dynamic,MIX_AIC,1789303523943833.932	,24.060,0,8,16,NO,N/A,N/A,N/A,N/A,N/A,N/A,0,22.619,298577,0.01,0.0,24666112.0,18.781,495813,0.002,0.0,0.0,0.0,70656.0
0,4294967295,4,46,_ZN4bmms26BatchMatmulMaxSumAutoFusedIDhLb0ELb0ELb0ELb0ELj1ELj64ELj128ELj64EEEvPhS1_S1_S1_S1_mN7AscendC6tiling11TCubeTilingENS_5ShapeEj,_ZN4bmms26BatchMatmulMaxSumAutoFusedIDhLb0ELb0ELb0ELb0ELj1ELj64ELj128ELj64EEEvPhS1_S1_S1_S1_mN7AscendC6tiling11TCubeTilingENS_5ShapeEj,dynamic,MIX_AIC,1789303523943987.029	,21.740,128.940000,8,16,NO,N/A,N/A,N/A,N/A,N/A,N/A,0,19.872,262305,0.011,0.0,24674304.0,16.23,428482,0.002,0.0,0.0,0.0,70656.0
0,4294967295,7,46,_ZN4bmms26BatchMatmulMaxSumAutoFusedIDhLb0ELb0ELb0ELb0ELj1ELj64ELj128ELj64EEEvPhS1_S1_S1_S1_mN7AscendC6tiling11TCubeTilingENS_5ShapeEj,_ZN4bmms26BatchMatmulMaxSumAutoFusedIDhLb0ELb0ELb0ELb0ELj1ELj64ELj128ELj64EEEvPhS1_S1_S1_S1_mN7AscendC6tiling11TCubeTilingENS_5ShapeEj,dynamic,MIX_AIC,1789303523944083.368	,19.479,74.510000,8,16,NO,N/A,N/A,N/A,N/A,N/A,N/A,0,17.679,233364,0.013,0.0,24690688.0,14.058,371134,0.003,0.0,0.0,0.0,70656.0
0,4294967295,10,46,_ZN4bmms26BatchMatmulMaxSumAutoFusedIDhLb0ELb0ELb0ELb0ELj1ELj64ELj128ELj64EEEvPhS1_S1_S1_S1_mN7AscendC6tiling11TCubeTilingENS_5ShapeEj,_ZN4bmms26BatchMatmulMaxSumAutoFusedIDhLb0ELb0ELb0ELb0ELj1ELj64ELj128ELj64EEEvPhS1_S1_S1_S1_mN7AscendC6tiling11TCubeTilingENS_5ShapeEj,dynamic,MIX_AIC,1789303523944183.186	,19.119,80.521000,8,16,NO,N/A,N/A,N/A,N/A,N/A,N/A,0,17.647,232938,0.013,0.0,24674304.0,14.004,369710,0.003,0.0,0.0,0.0,70656.0
0,4294967295,13,46,_ZN4bmms26BatchMatmulMaxSumAutoFusedIDhLb0ELb0ELb0ELb0ELj1ELj64ELj128ELj64EEEvPhS1_S1_S1_S1_mN7AscendC6tiling11TCubeTilingENS_5ShapeEj,_ZN4bmms26BatchMatmulMaxSumAutoFusedIDhLb0ELb0ELb0ELb0ELj1ELj64ELj128ELj64EEEvPhS1_S1_S1_S1_mN7AscendC6tiling11TCubeTilingENS_5ShapeEj,dynamic,MIX_AIC,1789303523944278.924	,18.299,76.631000,8,16,NO,N/A,N/A,N/A,N/A,N/A,N/A,0,17.007,224498,0.013,0.0,24698880.0,13.434,354665,0.003,0.0,0.0,0.0,70656.0
0,4294967295,16,46,_ZN4bmms26BatchMatmulMaxSumAutoFusedIDhLb0ELb0ELb0ELb0ELj1ELj64ELj128ELj64EEEvPhS1_S1_S1_S1_mN7AscendC6tiling11TCubeTilingENS_5ShapeEj,_ZN4bmms26BatchMatmulMaxSumAutoFusedIDhLb0ELb0ELb0ELb0ELj1ELj64ELj128ELj64EEEvPhS1_S1_S1_S1_mN7AscendC6tiling11TCubeTilingENS_5ShapeEj,dynamic,MIX_AIC,1789303523944404.861	,17.000,107.451000,8,16,NO,N/A,N/A,N/A,N/A,N/A,N/A,0,14.998,197969,0.015,0.0,24674304.0,11.5,303608,0.003,0.0,0.0,0.001,70656.0
0,4294967295,19,46,_ZN4bmms26BatchMatmulMaxSumAutoFusedIDhLb0ELb0ELb0ELb0ELj1ELj64ELj128ELj64EEEvPhS1_S1_S1_S1_mN7AscendC6tiling11TCubeTilingENS_5ShapeEj,_ZN4bmms26BatchMatmulMaxSumAutoFusedIDhLb0ELb0ELb0ELb0ELj1ELj64ELj128ELj64EEEvPhS1_S1_S1_S1_mN7AscendC6tiling11TCubeTilingENS_5ShapeEj,dynamic,MIX_AIC,1789303523944532.019	,16.539,110.250000,8,16,NO,N/A,N/A,N/A,N/A,N/A,N/A,0,14.9,196684,0.015,0.0,24641536.0,11.356,299803,0.003,0.0,0.0,0.001,70656.0
0,4294967295,22,46,_ZN4bmms26BatchMatmulMaxSumAutoFusedIDhLb0ELb0ELb0ELb0ELj1ELj64ELj128ELj64EEEvPhS1_S1_S1_S1_mN7AscendC6tiling11TCubeTilingENS_5ShapeEj,_ZN4bmms26BatchMatmulMaxSumAutoFusedIDhLb0ELb0ELb0ELb0ELj1ELj64ELj128ELj64EEEvPhS1_S1_S1_S1_mN7AscendC6tiling11TCubeTilingENS_5ShapeEj,dynamic,MIX_AIC,1789303523944653.756	,16.320,105.211000,8,16,NO,N/A,N/A,N/A,N/A,N/A,N/A,0,15.121,199601,0.015,0.0,24682496.0,11.607,306425,0.003,0.0,0.0,0.001,70656.0
0,4294967295,25,46,_ZN4bmms26BatchMatmulMaxSumAutoFusedIDhLb0ELb0ELb0ELb0ELj1ELj64ELj128ELj64EEEvPhS1_S1_S1_S1_mN7AscendC6tiling11TCubeTilingENS_5ShapeEj,_ZN4bmms26BatchMatmulMaxSumAutoFusedIDhLb0ELb0ELb0ELb0ELj1ELj64ELj128ELj64EEEvPhS1_S1_S1_S1_mN7AscendC6tiling11TCubeTilingENS_5ShapeEj,dynamic,MIX_AIC,1789303523944775.614	,16.219,105.430000,8,16,NO,N/A,N/A,N/A,N/A,N/A,N/A,0,15.154,200030,0.015,0.0,24600576.0,11.567,305363,0.003,0.0,0.0,0.001,70656.0
0,4294967295,28,46,_ZN4bmms26BatchMatmulMaxSumAutoFusedIDhLb0ELb0ELb0ELb0ELj1ELj64ELj128ELj64EEEvPhS1_S1_S1_S1_mN7AscendC6tiling11TCubeTilingENS_5ShapeEj,_ZN4bmms26BatchMatmulMaxSumAutoFusedIDhLb0ELb0ELb0ELb0ELj1ELj64ELj128ELj64EEEvPhS1_S1_S1_S1_mN7AscendC6tiling11TCubeTilingENS_5ShapeEj,dynamic,MIX_AIC,1789303523944895.591	,15.900,103.781000,8,16,NO,N/A,N/A,N/A,N/A,N/A,N/A,0,14.822,195650,0.015,0.0,24666112.0,11.281,297808,0.003,0.0,0.0,0.001,70656.0
0,4294967295,31,46,_ZN4bmms26BatchMatmulMaxSumAutoFusedIDhLb0ELb0ELb0ELb0ELj1ELj64ELj128ELj64EEEvPhS1_S1_S1_S1_mN7AscendC6tiling11TCubeTilingENS_5ShapeEj,_ZN4bmms26BatchMatmulMaxSumAutoFusedIDhLb0ELb0ELb0ELb0ELj1ELj64ELj128ELj64EEEvPhS1_S1_S1_S1_mN7AscendC6tiling11TCubeTilingENS_5ShapeEj,dynamic,MIX_AIC,1789303523945016.269	,16.700,104.850000,8,16,NO,N/A,N/A,N/A,N/A,N/A,N/A,0,15.216,200847,0.015,0.0,24739840.0,11.672,308151,0.003,0.0,0.0,0.001,70656.0
0,4294967295,34,46,_ZN4bmms26BatchMatmulMaxSumAutoFusedIDhLb0ELb0ELb0ELb0ELj1ELj64ELj128ELj64EEEvPhS1_S1_S1_S1_mN7AscendC6tiling11TCubeTilingENS_5ShapeEj,_ZN4bmms26BatchMatmulMaxSumAutoFusedIDhLb0ELb0ELb0ELb0ELj1ELj64ELj128ELj64EEEvPhS1_S1_S1_S1_mN7AscendC6tiling11TCubeTilingENS_5ShapeEj,dynamic,MIX_AIC,1789303523945140.546	,16.420,107.550000,8,16,NO,N/A,N/A,N/A,N/A,N/A,N/A,0,15.178,200351,0.015,0.0,24649728.0,11.585,305845,0.003,0.0,0.0,0.001,70656.0
0,4294967295,37,46,_ZN4bmms26BatchMatmulMaxSumAutoFusedIDhLb0ELb0ELb0ELb0ELj1ELj64ELj128ELj64EEEvPhS1_S1_S1_S1_mN7AscendC6tiling11TCubeTilingENS_5ShapeEj,_ZN4bmms26BatchMatmulMaxSumAutoFusedIDhLb0ELb0ELb0ELb0ELj1ELj64ELj128ELj64EEEvPhS1_S1_S1_S1_mN7AscendC6tiling11TCubeTilingENS_5ShapeEj,dynamic,MIX_AIC,1789303523945261.204	,16.600,104.330000,8,16,NO,N/A,N/A,N/A,N/A,N/A,N/A,0,14.752,194725,0.015,0.0,24657920.0,11.251,297027,0.003,0.0,0.0,0.001,70656.0
0,4294967295,40,46,_ZN4bmms26BatchMatmulMaxSumAutoFusedIDhLb0ELb0ELb0ELb0ELj1ELj64ELj128ELj64EEEvPhS1_S1_S1_S1_mN7AscendC6tiling11TCubeTilingENS_5ShapeEj,_ZN4bmms26BatchMatmulMaxSumAutoFusedIDhLb0ELb0ELb0ELb0ELj1ELj64ELj128ELj64EEEvPhS1_S1_S1_S1_mN7AscendC6tiling11TCubeTilingENS_5ShapeEj,dynamic,MIX_AIC,1789303523945381.142	,16.219,103.400000,8,16,NO,N/A,N/A,N/A,N/A,N/A,N/A,0,15.207,200733,0.015,0.0,24616960.0,11.592,306020,0.003,0.0,0.0,0.001,70656.0
0,4294967295,43,46,_ZN4bmms26BatchMatmulMaxSumAutoFusedIDhLb0ELb0ELb0ELb0ELj1ELj64ELj128ELj64EEEvPhS1_S1_S1_S1_mN7AscendC6tiling11TCubeTilingENS_5ShapeEj,_ZN4bmms26BatchMatmulMaxSumAutoFusedIDhLb0ELb0ELb0ELb0ELj1ELj64ELj128ELj64EEEvPhS1_S1_S1_S1_mN7AscendC6tiling11TCubeTilingENS_5ShapeEj,dynamic,MIX_AIC,1789303523945501.719	,16.280,104.281000,8,16,NO,N/A,N/A,N/A,N/A,N/A,N/A,0,15.045,198590,0.015,0.0,24625152.0,11.513,303950,0.003,0.0,0.0,0.001,70656.0
