Device_id,Model ID,Task ID,Stream ID,Op Name,OP Type,OP State,Task Type,Task Start Time(us),Task Duration(us),Task Wait Time(us),Block Num,Mix Block Num,HF32 Eligible,Input Shapes,Input Data Types,Input Formats,Output Shapes,Output Data Types,Output Formats,Context ID,aicore_time(us),aic_total_cycles,aiv_time(us),aiv_total_cycles,aiv_vec_bankgroup_cflt_ratio,aiv_vec_bank_cflt_ratio,aiv_vec_resc_cflt_ratio
0,4294967295,1,46,_ZN4bmms26BatchMatmulMaxSumAutoFusedIDhLb0ELb0ELb1ELb1ELj2ELj64ELj128ELj64EEEvPhS1_S1_S1_S1_mN7AscendC6tiling11TCubeTilingENS_5ShapeEj,_ZN4bmms26BatchMatmulMaxSumAutoFusedIDhLb0ELb0ELb1ELb1ELj2ELj64ELj128ELj64EEEvPhS1_S1_S1_S1_mN7AscendC6tiling11TCubeTilingENS_5ShapeEj,dynamic,MIX_AIC,1789312667467665.045	,16.180,0,8,16,NO,N/A,N/A,N/A,N/A,N/A,N/A,0,14.535,191859,14.119,372733,0.0,0.0,0.0
0,4294967295,4,46,_ZN4bmms26BatchMatmulMaxSumAutoFusedIDhLb0ELb0ELb1ELb1ELj2ELj64ELj128ELj64EEEvPhS1_S1_S1_S1_mN7AscendC6tiling11TCubeTilingENS_5ShapeEj,_ZN4bmms26BatchMatmulMaxSumAutoFusedIDhLb0ELb0ELb1ELb1ELj2ELj64ELj128ELj64EEEvPhS1_S1_S1_S1_mN7AscendC6tiling11TCubeTilingENS_5ShapeEj,dynamic,MIX_AIC,1789312667467846.641	,14.380,165.570000,8,16,NO,N/A,N/A,N/A,N/A,N/A,N/A,0,12.726,167978,12.05,318133,0.0,0.0,0.0
0,4294967295,7,46,_ZN4bmms26BatchMatmulMaxSumAutoFusedIDhLb0ELb0ELb1ELb1ELj2ELj64ELj128ELj64EEEvPhS1_S1_S1_S1_mN7AscendC6tiling11TCubeTilingENS_5ShapeEj,_ZN4bmms26BatchMatmulMaxSumAutoFusedIDhLb0ELb0ELb1ELb1ELj2ELj64ELj128ELj64EEEvPhS1_S1_S1_S1_mN7AscendC6tiling11TCubeTilingENS_5ShapeEj,dynamic,MIX_AIC,1789312667467934.479	,12.200,73.370000,8,16,NO,N/A,N/A,N/A,N/A,N/A,N/A,0,10.8,142555,10.209,269514,0.0,0.0,0.0
0,4294967295,10,46,_ZN4bmms26BatchMatmulMaxSumAutoFusedIDhLb0ELb0ELb1ELb1ELj2ELj64ELj128ELj64EEEvPhS1_S1_S1_S1_mN7AscendC6tiling11TCubeTilingENS_5ShapeEj,_ZN4bmms26BatchMatmulMaxSumAutoFusedIDhLb0ELb0ELb1ELb1ELj2ELj64ELj128ELj64EEEvPhS1_S1_S1_S1_mN7AscendC6tiling11TCubeTilingENS_5ShapeEj,dynamic,MIX_AIC,1789312667468024.058	,11.519,77.300000,8,16,NO,N/A,N/A,N/A,N/A,N/A,N/A,0,9.726,128387,8.994,237440,0.0,0.0,0.0
0,4294967295,13,46,_ZN4bmms26BatchMatmulMaxSumAutoFusedIDhLb0ELb0ELb1ELb1ELj2ELj64ELj128ELj64EEEvPhS1_S1_S1_S1_mN7AscendC6tiling11TCubeTilingENS_5ShapeEj,_ZN4bmms26BatchMatmulMaxSumAutoFusedIDhLb0ELb0ELb1ELb1ELj2ELj64ELj128ELj64EEEvPhS1_S1_S1_S1_mN7AscendC6tiling11TCubeTilingENS_5ShapeEj,dynamic,MIX_AIC,1789312667468111.236	,11.100,75.731000,8,16,NO,N/A,N/A,N/A,N/A,N/A,N/A,0,9.769,128955,9.065,239307,0.0,0.0,0.0
0,4294967295,16,46,_ZN4bmms26BatchMatmulMaxSumAutoFusedIDhLb0ELb0ELb1ELb1ELj2ELj64ELj128ELj64EEEvPhS1_S1_S1_S1_mN7AscendC6tiling11TCubeTilingENS_5ShapeEj,_ZN4bmms26BatchMatmulMaxSumAutoFusedIDhLb0ELb0ELb1ELb1ELj2ELj64ELj128ELj64EEEvPhS1_S1_S1_S1_mN7AscendC6tiling11TCubeTilingENS_5ShapeEj,dynamic,MIX_AIC,1789312667468224.054	,10.059,101.650000,8,16,NO,N/A,N/A,N/A,N/A,N/A,N/A,0,8.572,113151,7.601,200670,0.0,0.0,0.0
0,4294967295,19,46,_ZN4bmms26BatchMatmulMaxSumAutoFusedIDhLb0ELb0ELb1ELb1ELj2ELj64ELj128ELj64EEEvPhS1_S1_S1_S1_mN7AscendC6tiling11TCubeTilingENS_5ShapeEj,_ZN4bmms26BatchMatmulMaxSumAutoFusedIDhLb0ELb0ELb1ELb1ELj2ELj64ELj128ELj64EEEvPhS1_S1_S1_S1_mN7AscendC6tiling11TCubeTilingENS_5ShapeEj,dynamic,MIX_AIC,1789312667468339.271	,9.800,105.191000,8,16,NO,N/A,N/A,N/A,N/A,N/A,N/A,0,8.572,113144,7.594,200473,0.0,0.0,0.0
0,4294967295,22,46,_ZN4bmms26BatchMatmulMaxSumAutoFusedIDhLb0ELb0ELb1ELb1ELj2ELj64ELj128ELj64EEEvPhS1_S1_S1_S1_mN7AscendC6tiling11TCubeTilingENS_5ShapeEj,_ZN4bmms26BatchMatmulMaxSumAutoFusedIDhLb0ELb0ELb1ELb1ELj2ELj64ELj128ELj64EEEvPhS1_S1_S1_S1_mN7AscendC6tiling11TCubeTilingENS_5ShapeEj,dynamic,MIX_AIC,1789312667468466.949	,9.800,117.950000,8,16,NO,N/A,N/A,N/A,N/A,N/A,N/A,0,8.637,114008,7.669,202466,0.0,0.0,0.0
0,4294967295,25,46,_ZN4bmms26BatchMatmulMaxSumAutoFusedIDhLb0ELb0ELb1ELb1ELj2ELj64ELj128ELj64EEEvPhS1_S1_S1_S1_mN7AscendC6tiling11TCubeTilingENS_5ShapeEj,_ZN4bmms26BatchMatmulMaxSumAutoFusedIDhLb0ELb0ELb1ELb1ELj2ELj64ELj128ELj64EEEvPhS1_S1_S1_S1_mN7AscendC6tiling11TCubeTilingENS_5ShapeEj,dynamic,MIX_AIC,1789312667468580.247	,10.039,103.450000,8,16,NO,N/A,N/A,N/A,N/A,N/A,N/A,0,8.401,110897,7.491,197771,0.0,0.0,0.0
0,4294967295,28,46,_ZN4bmms26BatchMatmulMaxSumAutoFusedIDhLb0ELb0ELb1ELb1ELj2ELj64ELj128ELj64EEEvPhS1_S1_S1_S1_mN7AscendC6tiling11TCubeTilingENS_5ShapeEj,_ZN4bmms26BatchMatmulMaxSumAutoFusedIDhLb0ELb0ELb1ELb1ELj2ELj64ELj128ELj64EEEvPhS1_S1_S1_S1_mN7AscendC6tiling11TCubeTilingENS_5ShapeEj,dynamic,MIX_AIC,1789312667468695.404	,10.100,105.211000,8,16,NO,N/A,N/A,N/A,N/A,N/A,N/A,0,8.772,115786,7.733,204151,0.0,0.0,0.0
0,4294967295,31,46,_ZN4bmms26BatchMatmulMaxSumAutoFusedIDhLb0ELb0ELb1ELb1ELj2ELj64ELj128ELj64EEEvPhS1_S1_S1_S1_mN7AscendC6tiling11TCubeTilingENS_5ShapeEj,_ZN4bmms26BatchMatmulMaxSumAutoFusedIDhLb0ELb0ELb1ELb1ELj2ELj64ELj128ELj64EEEvPhS1_S1_S1_S1_mN7AscendC6tiling11TCubeTilingENS_5ShapeEj,dynamic,MIX_AIC,1789312667468808.702	,9.760,103.150000,8,16,NO,N/A,N/A,N/A,N/A,N/A,N/A,0,8.531,112603,7.488,197683,0.0,0.0,0.0
0,4294967295,34,46,_ZN4bmms26BatchMatmulMaxSumAutoFusedIDhLb0ELb0ELb1ELb1ELj2ELj64ELj128ELj64EEEvPhS1_S1_S1_S1_mN7AscendC6tiling11TCubeTilingENS_5ShapeEj,_ZN4bmms26BatchMatmulMaxSumAutoFusedIDhLb0ELb0ELb1ELb1ELj2ELj64ELj128ELj64EEEvPhS1_S1_S1_S1_mN7AscendC6tiling11TCubeTilingENS_5ShapeEj,dynamic,MIX_AIC,1789312667468929.220	,10.299,110.740000,8,16,NO,N/A,N/A,N/A,N/A,N/A,N/A,0,8.669,114433,7.688,202969,0.0,0.0,0.0
0,4294967295,37,46,_ZN4bmms26BatchMatmulMaxSumAutoFusedIDhLb0ELb0ELb1ELb1ELj2ELj64ELj128ELj64EEEvPhS1_S1_S1_S1_mN7AscendC6tiling11TCubeTilingENS_5ShapeEj,_ZN4bmms26BatchMatmulMaxSumAutoFusedIDhLb0ELb0ELb1ELb1ELj2ELj64ELj128ELj64EEEvPhS1_S1_S1_S1_mN7AscendC6tiling11TCubeTilingENS_5ShapeEj,dynamic,MIX_AIC,1789312667469043.137	,9.960,103.701000,8,16,NO,N/A,N/A,N/A,N/A,N/A,N/A,0,8.638,114021,7.713,203613,0.0,0.0,0.0
0,4294967295,40,46,_ZN4bmms26BatchMatmulMaxSumAutoFusedIDhLb0ELb0ELb1ELb1ELj2ELj64ELj128ELj64EEEvPhS1_S1_S1_S1_mN7AscendC6tiling11TCubeTilingENS_5ShapeEj,_ZN4bmms26BatchMatmulMaxSumAutoFusedIDhLb0ELb0ELb1ELb1ELj2ELj64ELj128ELj64EEEvPhS1_S1_S1_S1_mN7AscendC6tiling11TCubeTilingENS_5ShapeEj,dynamic,MIX_AIC,1789312667469174.955	,9.780,121.790000,8,16,NO,N/A,N/A,N/A,N/A,N/A,N/A,0,8.461,111684,7.497,197922,0.0,0.0,0.0
0,4294967295,43,46,_ZN4bmms26BatchMatmulMaxSumAutoFusedIDhLb0ELb0ELb1ELb1ELj2ELj64ELj128ELj64EEEvPhS1_S1_S1_S1_mN7AscendC6tiling11TCubeTilingENS_5ShapeEj,_ZN4bmms26BatchMatmulMaxSumAutoFusedIDhLb0ELb0ELb1ELb1ELj2ELj64ELj128ELj64EEEvPhS1_S1_S1_S1_mN7AscendC6tiling11TCubeTilingENS_5ShapeEj,dynamic,MIX_AIC,1789312667469288.952	,10.180,104.220000,8,16,NO,N/A,N/A,N/A,N/A,N/A,N/A,0,8.671,114452,7.688,202955,0.0,0.0,0.0
