Device_id,Model ID,Task ID,Stream ID,Op Name,OP Type,OP State,Task Type,Task Start Time(us),Task Duration(us),Task Wait Time(us),Block Num,Mix Block Num,HF32 Eligible,Input Shapes,Input Data Types,Input Formats,Output Shapes,Output Data Types,Output Formats,Context ID,aicore_time(us),aic_total_cycles,aic_ub_read_bw_scalar(GB/s),aic_ub_write_bw_scalar(GB/s),aiv_time(us),aiv_total_cycles,aiv_ub_read_bw_vector(GB/s),aiv_ub_write_bw_vector(GB/s),aiv_ub_read_bw_scalar(GB/s),aiv_ub_write_bw_scalar(GB/s)
0,4294967295,1,46,_ZN4bmms26BatchMatmulMaxSumAutoFusedIDhLb0ELb0ELb1ELb1ELj2ELj64ELj128ELj64EEEvPhS1_S1_S1_S1_mN7AscendC6tiling11TCubeTilingENS_5ShapeEj,_ZN4bmms26BatchMatmulMaxSumAutoFusedIDhLb0ELb0ELb1ELb1ELj2ELj64ELj128ELj64EEEvPhS1_S1_S1_S1_mN7AscendC6tiling11TCubeTilingENS_5ShapeEj,dynamic,MIX_AIC,1789312653391890.669	,16.200,0,8,16,NO,N/A,N/A,N/A,N/A,N/A,N/A,0,14.681,193792,0.0,0.0,13.985,369207,0.143,0.145,0.002,0.035
0,4294967295,4,46,_ZN4bmms26BatchMatmulMaxSumAutoFusedIDhLb0ELb0ELb1ELb1ELj2ELj64ELj128ELj64EEEvPhS1_S1_S1_S1_mN7AscendC6tiling11TCubeTilingENS_5ShapeEj,_ZN4bmms26BatchMatmulMaxSumAutoFusedIDhLb0ELb0ELb1ELb1ELj2ELj64ELj128ELj64EEEvPhS1_S1_S1_S1_mN7AscendC6tiling11TCubeTilingENS_5ShapeEj,dynamic,MIX_AIC,1789312653392062.626	,14.140,155.800000,8,16,NO,N/A,N/A,N/A,N/A,N/A,N/A,0,12.361,163162,0.0,0.0,11.721,309435,0.17,0.173,0.003,0.042
0,4294967295,7,46,_ZN4bmms26BatchMatmulMaxSumAutoFusedIDhLb0ELb0ELb1ELb1ELj2ELj64ELj128ELj64EEEvPhS1_S1_S1_S1_mN7AscendC6tiling11TCubeTilingENS_5ShapeEj,_ZN4bmms26BatchMatmulMaxSumAutoFusedIDhLb0ELb0ELb1ELb1ELj2ELj64ELj128ELj64EEEvPhS1_S1_S1_S1_mN7AscendC6tiling11TCubeTilingENS_5ShapeEj,dynamic,MIX_AIC,1789312653392157.624	,11.800,80.610000,8,16,NO,N/A,N/A,N/A,N/A,N/A,N/A,0,10.499,138583,0.0,0.0,9.775,258070,0.204,0.207,0.003,0.05
0,4294967295,10,46,_ZN4bmms26BatchMatmulMaxSumAutoFusedIDhLb0ELb0ELb1ELb1ELj2ELj64ELj128ELj64EEEvPhS1_S1_S1_S1_mN7AscendC6tiling11TCubeTilingENS_5ShapeEj,_ZN4bmms26BatchMatmulMaxSumAutoFusedIDhLb0ELb0ELb1ELb1ELj2ELj64ELj128ELj64EEEvPhS1_S1_S1_S1_mN7AscendC6tiling11TCubeTilingENS_5ShapeEj,dynamic,MIX_AIC,1789312653392244.822	,11.200,75.450000,8,16,NO,N/A,N/A,N/A,N/A,N/A,N/A,0,9.694,127967,0.0,0.0,8.883,234499,0.225,0.228,0.003,0.055
0,4294967295,13,46,_ZN4bmms26BatchMatmulMaxSumAutoFusedIDhLb0ELb0ELb1ELb1ELj2ELj64ELj128ELj64EEEvPhS1_S1_S1_S1_mN7AscendC6tiling11TCubeTilingENS_5ShapeEj,_ZN4bmms26BatchMatmulMaxSumAutoFusedIDhLb0ELb0ELb1ELb1ELj2ELj64ELj128ELj64EEEvPhS1_S1_S1_S1_mN7AscendC6tiling11TCubeTilingENS_5ShapeEj,dynamic,MIX_AIC,1789312653392332.580	,11.280,76.550000,8,16,NO,N/A,N/A,N/A,N/A,N/A,N/A,0,9.897,130645,0.0,0.0,9.158,241782,0.218,0.221,0.003,0.054
0,4294967295,16,46,_ZN4bmms26BatchMatmulMaxSumAutoFusedIDhLb0ELb0ELb1ELb1ELj2ELj64ELj128ELj64EEEvPhS1_S1_S1_S1_mN7AscendC6tiling11TCubeTilingENS_5ShapeEj,_ZN4bmms26BatchMatmulMaxSumAutoFusedIDhLb0ELb0ELb1ELb1ELj2ELj64ELj128ELj64EEEvPhS1_S1_S1_S1_mN7AscendC6tiling11TCubeTilingENS_5ShapeEj,dynamic,MIX_AIC,1789312653392448.938	,9.780,105.220000,8,16,NO,N/A,N/A,N/A,N/A,N/A,N/A,0,8.364,110403,0.0,0.0,7.433,196225,0.269,0.273,0.004,0.066
0,4294967295,19,46,_ZN4bmms26BatchMatmulMaxSumAutoFusedIDhLb0ELb0ELb1ELb1ELj2ELj64ELj128ELj64EEEvPhS1_S1_S1_S1_mN7AscendC6tiling11TCubeTilingENS_5ShapeEj,_ZN4bmms26BatchMatmulMaxSumAutoFusedIDhLb0ELb0ELb1ELb1ELj2ELj64ELj128ELj64EEEvPhS1_S1_S1_S1_mN7AscendC6tiling11TCubeTilingENS_5ShapeEj,dynamic,MIX_AIC,1789312653392565.856	,9.800,106.970000,8,16,NO,N/A,N/A,N/A,N/A,N/A,N/A,0,8.47,111800,0.0,0.0,7.452,196733,0.268,0.272,0.004,0.066
0,4294967295,22,46,_ZN4bmms26BatchMatmulMaxSumAutoFusedIDhLb0ELb0ELb1ELb1ELj2ELj64ELj128ELj64EEEvPhS1_S1_S1_S1_mN7AscendC6tiling11TCubeTilingENS_5ShapeEj,_ZN4bmms26BatchMatmulMaxSumAutoFusedIDhLb0ELb0ELb1ELb1ELj2ELj64ELj128ELj64EEEvPhS1_S1_S1_S1_mN7AscendC6tiling11TCubeTilingENS_5ShapeEj,dynamic,MIX_AIC,1789312653392681.533	,9.700,105.950000,8,16,NO,N/A,N/A,N/A,N/A,N/A,N/A,0,8.453,111574,0.0,0.0,7.552,199362,0.264,0.268,0.004,0.065
0,4294967295,25,46,_ZN4bmms26BatchMatmulMaxSumAutoFusedIDhLb0ELb0ELb1ELb1ELj2ELj64ELj128ELj64EEEvPhS1_S1_S1_S1_mN7AscendC6tiling11TCubeTilingENS_5ShapeEj,_ZN4bmms26BatchMatmulMaxSumAutoFusedIDhLb0ELb0ELb1ELb1ELj2ELj64ELj128ELj64EEEvPhS1_S1_S1_S1_mN7AscendC6tiling11TCubeTilingENS_5ShapeEj,dynamic,MIX_AIC,1789312653392794.871	,9.600,103.550000,8,16,NO,N/A,N/A,N/A,N/A,N/A,N/A,0,8.386,110691,0.0,0.0,7.396,195251,0.27,0.274,0.004,0.066
0,4294967295,28,46,_ZN4bmms26BatchMatmulMaxSumAutoFusedIDhLb0ELb0ELb1ELb1ELj2ELj64ELj128ELj64EEEvPhS1_S1_S1_S1_mN7AscendC6tiling11TCubeTilingENS_5ShapeEj,_ZN4bmms26BatchMatmulMaxSumAutoFusedIDhLb0ELb0ELb1ELb1ELj2ELj64ELj128ELj64EEEvPhS1_S1_S1_S1_mN7AscendC6tiling11TCubeTilingENS_5ShapeEj,dynamic,MIX_AIC,1789312653392920.089	,10.080,115.650000,8,16,NO,N/A,N/A,N/A,N/A,N/A,N/A,0,8.567,113084,0.0,0.0,7.623,201252,0.262,0.266,0.004,0.065
0,4294967295,31,46,_ZN4bmms26BatchMatmulMaxSumAutoFusedIDhLb0ELb0ELb1ELb1ELj2ELj64ELj128ELj64EEEvPhS1_S1_S1_S1_mN7AscendC6tiling11TCubeTilingENS_5ShapeEj,_ZN4bmms26BatchMatmulMaxSumAutoFusedIDhLb0ELb0ELb1ELb1ELj2ELj64ELj128ELj64EEEvPhS1_S1_S1_S1_mN7AscendC6tiling11TCubeTilingENS_5ShapeEj,dynamic,MIX_AIC,1789312653393033.406	,9.980,103.420000,8,16,NO,N/A,N/A,N/A,N/A,N/A,N/A,0,8.41,111008,0.0,0.0,7.457,196854,0.268,0.272,0.004,0.066
0,4294967295,34,46,_ZN4bmms26BatchMatmulMaxSumAutoFusedIDhLb0ELb0ELb1ELb1ELj2ELj64ELj128ELj64EEEvPhS1_S1_S1_S1_mN7AscendC6tiling11TCubeTilingENS_5ShapeEj,_ZN4bmms26BatchMatmulMaxSumAutoFusedIDhLb0ELb0ELb1ELb1ELj2ELj64ELj128ELj64EEEvPhS1_S1_S1_S1_mN7AscendC6tiling11TCubeTilingENS_5ShapeEj,dynamic,MIX_AIC,1789312653393151.484	,9.780,108.020000,8,16,NO,N/A,N/A,N/A,N/A,N/A,N/A,0,8.584,113309,0.0,0.0,7.487,197670,0.267,0.271,0.004,0.066
0,4294967295,37,46,_ZN4bmms26BatchMatmulMaxSumAutoFusedIDhLb0ELb0ELb1ELb1ELj2ELj64ELj128ELj64EEEvPhS1_S1_S1_S1_mN7AscendC6tiling11TCubeTilingENS_5ShapeEj,_ZN4bmms26BatchMatmulMaxSumAutoFusedIDhLb0ELb0ELb1ELb1ELj2ELj64ELj128ELj64EEEvPhS1_S1_S1_S1_mN7AscendC6tiling11TCubeTilingENS_5ShapeEj,dynamic,MIX_AIC,1789312653393265.442	,9.980,104.220000,8,16,NO,N/A,N/A,N/A,N/A,N/A,N/A,0,8.474,111853,0.0,0.0,7.545,199175,0.265,0.269,0.004,0.065
0,4294967295,40,46,_ZN4bmms26BatchMatmulMaxSumAutoFusedIDhLb0ELb0ELb1ELb1ELj2ELj64ELj128ELj64EEEvPhS1_S1_S1_S1_mN7AscendC6tiling11TCubeTilingENS_5ShapeEj,_ZN4bmms26BatchMatmulMaxSumAutoFusedIDhLb0ELb0ELb1ELb1ELj2ELj64ELj128ELj64EEEvPhS1_S1_S1_S1_mN7AscendC6tiling11TCubeTilingENS_5ShapeEj,dynamic,MIX_AIC,1789312653393382.959	,9.800,107.520000,8,16,NO,N/A,N/A,N/A,N/A,N/A,N/A,0,8.413,111053,0.0,0.0,7.444,196510,0.268,0.272,0.004,0.066
0,4294967295,43,46,_ZN4bmms26BatchMatmulMaxSumAutoFusedIDhLb0ELb0ELb1ELb1ELj2ELj64ELj128ELj64EEEvPhS1_S1_S1_S1_mN7AscendC6tiling11TCubeTilingENS_5ShapeEj,_ZN4bmms26BatchMatmulMaxSumAutoFusedIDhLb0ELb0ELb1ELb1ELj2ELj64ELj128ELj64EEEvPhS1_S1_S1_S1_mN7AscendC6tiling11TCubeTilingENS_5ShapeEj,dynamic,MIX_AIC,1789312653393525.017	,10.119,132.200000,8,16,NO,N/A,N/A,N/A,N/A,N/A,N/A,0,8.591,113395,0.0,0.0,7.591,200400,0.263,0.267,0.004,0.065
