Device_id,kernel_name,kernel_type,stream_id,task_id,task_time(us),task_start(us),task_stop(us)
0,N/A,PROFILING_ENABLE,49,3,0.000,1789303536109504.241	,1789303536109504.241
0,N/A,MEMCPY_ASYNC,46,0,2.579,1789303536116775.176	,1789303536116777.756
0,_ZN4bmms26BatchMatmulMaxSumAutoFusedIDhLb0ELb0ELb0ELb0ELj1ELj64ELj128ELj64EEEvPhS1_S1_S1_S1_mN7AscendC6tiling11TCubeTilingENS_5ShapeEj,MIX_AIC,46,1,23.119,1789303536117732.217	,1789303536117755.337
0,N/A,MEMCPY_ASYNC,46,2,1.159,1789303536117778.416	,1789303536117779.576
0,N/A,MEMCPY_ASYNC,46,3,2.599,1789303536117899.454	,1789303536117902.054
0,_ZN4bmms26BatchMatmulMaxSumAutoFusedIDhLb0ELb0ELb0ELb0ELj1ELj64ELj128ELj64EEEvPhS1_S1_S1_S1_mN7AscendC6tiling11TCubeTilingENS_5ShapeEj,MIX_AIC,46,4,22.039,1789303536117907.194	,1789303536117929.233
0,N/A,MEMCPY_ASYNC,46,5,0.599,1789303536117930.953	,1789303536117931.553
0,N/A,MEMCPY_ASYNC,46,6,2.599,1789303536117994.572	,1789303536117997.172
0,_ZN4bmms26BatchMatmulMaxSumAutoFusedIDhLb0ELb0ELb0ELb0ELj1ELj64ELj128ELj64EEEvPhS1_S1_S1_S1_mN7AscendC6tiling11TCubeTilingENS_5ShapeEj,MIX_AIC,46,7,19.039,1789303536118002.352	,1789303536118021.391
0,N/A,MEMCPY_ASYNC,46,8,0.599,1789303536118023.091	,1789303536118023.691
0,N/A,MEMCPY_ASYNC,46,9,2.599,1789303536118092.870	,1789303536118095.470
0,_ZN4bmms26BatchMatmulMaxSumAutoFusedIDhLb0ELb0ELb0ELb0ELj1ELj64ELj128ELj64EEEvPhS1_S1_S1_S1_mN7AscendC6tiling11TCubeTilingENS_5ShapeEj,MIX_AIC,46,10,19.219,1789303536118100.990	,1789303536118120.209
0,N/A,MEMCPY_ASYNC,46,11,0.579,1789303536118121.709	,1789303536118122.289
0,N/A,MEMCPY_ASYNC,46,12,2.619,1789303536118188.268	,1789303536118190.888
0,_ZN4bmms26BatchMatmulMaxSumAutoFusedIDhLb0ELb0ELb0ELb0ELj1ELj64ELj128ELj64EEEvPhS1_S1_S1_S1_mN7AscendC6tiling11TCubeTilingENS_5ShapeEj,MIX_AIC,46,13,18.579,1789303536118196.068	,1789303536118214.647
0,N/A,MEMCPY_ASYNC,46,14,0.599,1789303536118216.167	,1789303536118216.767
0,N/A,MEMCPY_ASYNC,46,15,2.619,1789303536118311.605	,1789303536118314.225
0,_ZN4bmms26BatchMatmulMaxSumAutoFusedIDhLb0ELb0ELb0ELb0ELj1ELj64ELj128ELj64EEEvPhS1_S1_S1_S1_mN7AscendC6tiling11TCubeTilingENS_5ShapeEj,MIX_AIC,46,16,16.899,1789303536118319.725	,1789303536118336.625
0,N/A,MEMCPY_ASYNC,46,17,0.599,1789303536118338.585	,1789303536118339.185
0,N/A,MEMCPY_ASYNC,46,18,2.619,1789303536118434.943	,1789303536118437.563
0,_ZN4bmms26BatchMatmulMaxSumAutoFusedIDhLb0ELb0ELb0ELb0ELj1ELj64ELj128ELj64EEEvPhS1_S1_S1_S1_mN7AscendC6tiling11TCubeTilingENS_5ShapeEj,MIX_AIC,46,19,17.059,1789303536118442.703	,1789303536118459.762
0,N/A,MEMCPY_ASYNC,46,20,0.599,1789303536118461.582	,1789303536118462.182
0,N/A,MEMCPY_ASYNC,46,21,2.619,1789303536118557.261	,1789303536118559.880
0,_ZN4bmms26BatchMatmulMaxSumAutoFusedIDhLb0ELb0ELb0ELb0ELj1ELj64ELj128ELj64EEEvPhS1_S1_S1_S1_mN7AscendC6tiling11TCubeTilingENS_5ShapeEj,MIX_AIC,46,22,16.519,1789303536118565.100	,1789303536118581.620
0,N/A,MEMCPY_ASYNC,46,23,0.599,1789303536118583.380	,1789303536118583.980
0,N/A,MEMCPY_ASYNC,46,24,2.599,1789303536118679.258	,1789303536118681.858
0,_ZN4bmms26BatchMatmulMaxSumAutoFusedIDhLb0ELb0ELb0ELb0ELj1ELj64ELj128ELj64EEEvPhS1_S1_S1_S1_mN7AscendC6tiling11TCubeTilingENS_5ShapeEj,MIX_AIC,46,25,16.219,1789303536118686.918	,1789303536118703.138
0,N/A,MEMCPY_ASYNC,46,26,0.619,1789303536118704.598	,1789303536118705.218
0,N/A,MEMCPY_ASYNC,46,27,2.619,1789303536118799.096	,1789303536118801.716
0,_ZN4bmms26BatchMatmulMaxSumAutoFusedIDhLb0ELb0ELb0ELb0ELj1ELj64ELj128ELj64EEEvPhS1_S1_S1_S1_mN7AscendC6tiling11TCubeTilingENS_5ShapeEj,MIX_AIC,46,28,16.279,1789303536118806.916	,1789303536118823.195
0,N/A,MEMCPY_ASYNC,46,29,0.599,1789303536118824.595	,1789303536118825.195
0,N/A,MEMCPY_ASYNC,46,30,2.579,1789303536118918.993	,1789303536118921.573
0,_ZN4bmms26BatchMatmulMaxSumAutoFusedIDhLb0ELb0ELb0ELb0ELj1ELj64ELj128ELj64EEEvPhS1_S1_S1_S1_mN7AscendC6tiling11TCubeTilingENS_5ShapeEj,MIX_AIC,46,31,16.819,1789303536118926.953	,1789303536118943.773
0,N/A,MEMCPY_ASYNC,46,32,0.599,1789303536118945.273	,1789303536118945.873
0,N/A,MEMCPY_ASYNC,46,33,2.619,1789303536119039.811	,1789303536119042.431
0,_ZN4bmms26BatchMatmulMaxSumAutoFusedIDhLb0ELb0ELb0ELb0ELj1ELj64ELj128ELj64EEEvPhS1_S1_S1_S1_mN7AscendC6tiling11TCubeTilingENS_5ShapeEj,MIX_AIC,46,34,16.379,1789303536119048.191	,1789303536119064.570
0,N/A,MEMCPY_ASYNC,46,35,0.599,1789303536119066.470	,1789303536119067.070
0,N/A,MEMCPY_ASYNC,46,36,2.599,1789303536119161.328	,1789303536119163.928
0,_ZN4bmms26BatchMatmulMaxSumAutoFusedIDhLb0ELb0ELb0ELb0ELj1ELj64ELj128ELj64EEEvPhS1_S1_S1_S1_mN7AscendC6tiling11TCubeTilingENS_5ShapeEj,MIX_AIC,46,37,16.379,1789303536119169.348	,1789303536119185.728
0,N/A,MEMCPY_ASYNC,46,38,0.599,1789303536119187.668	,1789303536119188.268
0,N/A,MEMCPY_ASYNC,46,39,2.619,1789303536119281.966	,1789303536119284.586
0,_ZN4bmms26BatchMatmulMaxSumAutoFusedIDhLb0ELb0ELb0ELb0ELj1ELj64ELj128ELj64EEEvPhS1_S1_S1_S1_mN7AscendC6tiling11TCubeTilingENS_5ShapeEj,MIX_AIC,46,40,16.059,1789303536119297.726	,1789303536119313.785
0,N/A,MEMCPY_ASYNC,46,41,0.599,1789303536119315.405	,1789303536119316.005
0,N/A,MEMCPY_ASYNC,46,42,2.579,1789303536119411.323	,1789303536119413.903
0,_ZN4bmms26BatchMatmulMaxSumAutoFusedIDhLb0ELb0ELb0ELb0ELj1ELj64ELj128ELj64EEEvPhS1_S1_S1_S1_mN7AscendC6tiling11TCubeTilingENS_5ShapeEj,MIX_AIC,46,43,16.679,1789303536119418.963	,1789303536119435.643
0,N/A,MEMCPY_ASYNC,46,44,0.599,1789303536119437.263	,1789303536119437.863
0,N/A,PROFILING_DISABLE,49,4,0.020,1789303536120678.598	,1789303536120678.618
0,N/A,PLACE_HOLDER_SQE,49,5,0.020,1789303536120734.217	,1789303536120734.237
